platform,ad_name,affiliate,primary_text,headline,description,cta,link,image_or_video,hashtags,psychology
Instagram,B1 From $0 to App,base44,"What if you could go from zero to a working SaaS app today? Not next month. Not after learning Python. TODAY. I built 5 production apps with Base44 — no code, no developers, no $50K budget. This is what building without code looks like in 2026. 🔗 Start free → link in bio",Zero to App. Today.,Build full-stack apps visually with Base44. Free to start.,Sign Up,https://base44.pxf.io/c/7105524/2049275/25619?trafcat=lp,01-from-zero-to-app.mp4,"#NoCode #Base44 #SaaS #Entrepreneur #BuildInPublic #AppBuilder #Startup",Hyperbolic Discounting
Instagram,B2 Idea Validator,base44,"Stop guessing if your business idea will work. I built a Business Idea Validator that scores your idea across 5 dimensions: → Market size → Competition → Feasibility → Timing → Differentiation. You get a validation report with actionable next steps. Most entrepreneurs skip validation. That's why 90% of startups fail. Don't be one of them. 🔗 Validate your idea free → link in bio",Validate Before You Build,Free AI-powered idea validation tool. Score your business idea in minutes.,Sign Up,https://base44.pxf.io/c/7105524/2049275/25619?trafcat=lp,idea-validator-landing-viewport.jpg,"#NoCode #Startup #BusinessIdea #Validation #Base44 #Entrepreneur",Social Proof
Instagram,B3 5 Apps in 1 Week,base44,"I built 5 production-ready apps in one week. Without writing a single line of code. 1. 💡 Idea Validator — score business ideas 2. 📊 SaaS MVP Calculator — compare costs 3. 📁 Client Portal — project tracking 4. 🦉 AI Tutor App — Socratic learning 5. 🎨 Digital Creator Studio — portfolio builder. All live. All free to use. All built with Base44. This is what's possible when you stop overthinking and start building. 🔗 See for yourself → link in bio",5 Apps. 1 Week. Zero Code.,See what thousands of creators are building with Base44.,Try It Free,https://base44.pxf.io/c/7105524/2049275/25619?trafcat=lp,03-five-apps-one-week.mp4,"#NoCode #Base44 #BuildInPublic #SaaS #Entrepreneur #AppBuilder",Social Proof + Authority
Facebook,B4 Client Portal Savings,base44,"I was paying $200/month for a client portal tool. $2,400/year for something I could build myself. So I did. Built my own Client Portal with Base44 in one afternoon: → Project tracking → File sharing → Client messaging → Custom branding. Now I own it completely. No monthly fees. No feature limits. No asking permission. Stop renting software you could own. 🔗 Build yours free → link in bio",Stop Paying $200/Month,Build your own client portal with Base44. No monthly fees.,Sign Up,https://base44.pxf.io/c/7105524/2049275/25619?trafcat=lp,client-portal-home.png,"#Freelancer #ClientPortal #NoCode #Base44 #SaveMoney #SideHustle",Loss Aversion
Facebook,B5 MVP Calculator,base44,"Traditional MVP development: 💰 $15,000 – $50,000 ⏳ 3-6 months 🔧 Hiring developers designers PMs. Building with Base44: 💰 Free to start ⚡ Launch in days 🎯 No coding required. I built an interactive calculator that shows exactly how much you'd save. See the real numbers before you commit to anything. 🔗 Calculate your savings → link in bio",How Much Are You Overpaying?,Interactive calculator. Compare no-code vs. traditional development costs.,Learn More,https://base44.pxf.io/c/7105524/2049275/25619?trafcat=lp,saas-calculator-home.png,"#MVP #SaaS #StartupCosts #NoCode #Base44 #BuildFaster",Anchoring
Instagram,W1 Templates Gallery,wix,"Your website shouldn't look like everyone else's. Wix gives you 800+ designer-made templates for every industry: → Restaurants → Portfolios → Online stores → Service businesses → And more. Customize every detail with drag-and-drop. No coding. No designers needed. Launch a professional website this weekend. 🔗 Browse templates → link in bio",800+ Templates. Zero Code.,Designer-made templates for every industry. Customize with drag-and-drop.,Get Started,https://wix.pxf.io/c/7105524/2049257/25616?trafcat=wsb,wix-templates.jpg,"#Wix #WebsiteBuilder #WebDesign #SmallBusiness #OnlineStore #Entrepreneur",Visual Showcase
Instagram,W2 Drag-and-Drop Editor,wix,"Building a website used to require: ❌ Hiring a developer ❌ Learning HTML/CSS ❌ Waiting weeks for delivery. Not anymore. Wix's drag-and-drop editor lets you: → Move anything anywhere → Customize every pixel → See changes in real-time → Publish in one click. If you can use Instagram you can build a website with Wix. 🔗 Start building free → link in bio",Drag. Drop. Done.,The most intuitive website editor. Customize every detail without code.,Get Started,https://wix.pxf.io/c/7105524/2049257/25616?trafcat=wsb,wix-editor.jpg,"#Wix #WebsiteBuilder #DragAndDrop #NoCode #WebDesign #SmallBusiness",Ease of Use
Facebook,W3 Online Store,wix,"Ready to start selling online? Wix E-commerce gives you everything: ✅ Secure payments (Stripe PayPal etc.) ✅ Shipping & tax automation ✅ Inventory management ✅ Abandoned cart recovery ✅ Mobile-optimized checkout. From first sale to scaling — all in one place. No plugins. No third-party tools. No complexity. 🔗 Start selling → link in bio",Start Selling Online Today,Full e-commerce with payments shipping inventory and abandoned cart recovery.,Get Started,https://wix.pxf.io/c/7105524/2049257/25616?trafcat=wsb,wix-ecommerce.jpg,"#Wix #Ecommerce #OnlineStore #SmallBusiness #SellOnline #Entrepreneur",Feature Showcase
Facebook,W4 Website Transformation,wix,"Monday: No website Tuesday: Signed up for Wix Wednesday: Picked a template Thursday: Customized with drag-and-drop Friday: Launched my professional website. One week. No developers. No agencies. No stress. Your online presence shouldn't be a 6-month project. It can be a weekend project. 🔗 Start your website → link in bio",Your Website. This Weekend.,Professional templates drag-and-drop editing launch in days.,Get Started,https://wix.pxf.io/c/7105524/2049257/25616?trafcat=wsb,wix-homepage.jpg,"#Wix #WebsiteBuilder #LaunchWeek #SmallBusiness #WebDesign #Entrepreneur",Transformation
Instagram,W5 All-in-One Platform,wix,"Stop juggling 5 different tools for your business. Wix brings everything together: 🌐 Professional website 🛒 Online store 📧 Email marketing 📊 Analytics & SEO 📅 Booking & scheduling 💳 Payments. One platform. One login. One bill. Simplify your business. Focus on what matters. 🔗 See all features → link in bio",Everything in One Place,Website store marketing analytics — all included with Wix.,Learn More,https://wix.pxf.io/c/7105524/2049257/25616?trafcat=wsb,wix-features.jpg,"#Wix #AllInOne #SmallBusiness #WebsiteBuilder #Simplify #Entrepreneur",Value Stacking
