platform,ad_name,campaign_type,primary_text,headline,description,cta,link,image_suggestion,hashtags
Instagram,Idea Validator Carousel,Product Showcase,"Stop guessing if your business idea will work 💡 I built a Business Idea Validator that walks you through: → Market size analysis → Competitor research → 5-dimension scoring → Actionable validation report No more ""I think this will work."" Test your idea in minutes.",Validate Your Business Idea in Minutes,Free AI-powered validation tool. Score your idea before you build.,Sign Up,https://base44.pxf.io/c/7105524/2049275/25619?trafcat=lp,idea-validator-landing-viewport.jpg,"#NoCode #Startup #BusinessIdea #Validation #Entrepreneur #Base44 #BuildInPublic #SaaS"
Instagram,SaaS MVP Calculator,Product Showcase,"Most founders spend $15K-$50K and 3-6 months building an MVP 💸 I built a calculator that shows exactly how much Base44 saves you: ✅ Faster time to market ✅ Lower development costs ✅ Launch in days, not months Stop overpaying for your MVP.",How Much Can You Save Building with No-Code?,Interactive calculator. Compare Base44 vs. traditional development costs.,Learn More,https://base44.pxf.io/c/7105524/2049275/25619?trafcat=lp,saas-calculator-home.png,"#MVP #SaaS #StartupCosts #NoCode #Base44 #BuildFaster #Entrepreneur"
Instagram,Client Portal (Freelancer),Product Showcase,"I was paying $200/month for a client portal tool 😤 So I built my own with Base44: → Project tracking → File sharing → Client messaging → Custom branding Built in an afternoon. Now I own it completely. No more monthly fees. No more feature limits.",Build Your Own Client Portal (No Code Required),Replace expensive SaaS tools. Build a custom portal in hours, not weeks.,Sign Up,https://base44.pxf.io/c/7105524/2049275/25619?trafcat=lp,client-portal-home.png,"#Freelancer #ClientPortal #NoCode #Base44 #SaveMoney #SideHustle #FreelanceLife"
Instagram,Digital Creator Studio,Product Showcase,"Digital creators — you need stunning landing pages to attract clients 🎨 But most page builders are either: ❌ Too complicated ❌ Too expensive ❌ Too limited I built Digital Creator Studio with Base44: → Landing page builder → Portfolio showcase → Analytics dashboard → Modern dark design themes Built for creators, by creators.",Build Stunning Portfolio Pages Without Code,Theme page builder for digital creators. Landing pages + dashboards.,Get Started,https://base44.pxf.io/c/7105524/2049275/25619?trafcat=lp,digital-creator-landing-viewport.jpg,"#DigitalCreator #Portfolio #PageBuilder #NoCode #Base44 #CreativeTools #Design"
Instagram,AI Tutor App,Product Showcase,"What if learning actually clicked? 🦉 I built an AI Tutor App with Base44 that uses the Socratic method: → Guided questions (not just answers) → Personalized to your pace → Friendly owl mascot → Interactive learning Education should be engaging, not boring.",AI-Powered Tutoring That Actually Works,Socratic method learning. Personalized, engaging, free to try.,Sign Up,https://base44.pxf.io/c/7105524/2049275/25619?trafcat=lp,tutor-app-home.png,"#EdTech #AI #Learning #NoCode #Base44 #Education #OnlineLearning"
Instagram,Wix Website Builder,Product Showcase,"Want to launch a professional website without hiring a developer? Wix gives you: ✅ 800+ designer-made templates ✅ Intuitive drag-and-drop editor ✅ Full e-commerce capabilities ✅ SEO tools built-in ✅ Free plan available Whether you're starting a blog, portfolio, or online store — Wix has you covered.",Build Your Professional Website with Wix,800+ templates. Drag-and-drop editor. Free plan available.,Get Started,https://wix.pxf.io/c/7105524/2049257/25616?trafcat=wsb,wix-homepage.jpg,"#Wix #WebsiteBuilder #NoCode #WebDesign #OnlineStore #SmallBusiness #Entrepreneur"
Facebook,Idea Validator Campaign,Conversion,"Are you about to build a business idea that might not work? I built a free Business Idea Validator that scores your idea across 5 critical dimensions: 1. Market size — Is the opportunity big enough? 2. Competition — How crowded is the space? 3. Feasibility — Can you actually build this? 4. Timing — Is the market ready? 5. Differentiation — What makes you unique? You get an overall score out of 100, strengths/weaknesses analysis, key risks, and actionable next steps. Stop guessing. Start validating.",Stop Building Products Nobody Wants,Free AI-powered idea validation. Score your business idea in minutes.,Sign Up,https://base44.pxf.io/c/7105524/2049275/25619?trafcat=lp,idea-validator-landing-viewport.jpg,"#NoCode #Base44 #Startup #Entrepreneur #BusinessIdea"
Facebook,Cost Savings Campaign,Conversion,"Let's talk about the real cost of building an MVP. Traditional development: 💰 $15,000 – $50,000 ⏳ 3-6 months to launch 🔧 Hiring developers, designers, project managers Building with Base44: 💰 Free to start ⚡ Launch in days 🎯 No coding skills required I built an interactive calculator that shows you exactly how much you'd save. See the numbers for yourself.",How Much Are You Overpaying to Build Your MVP?,Interactive calculator. Compare no-code vs. traditional development.,Learn More,https://base44.pxf.io/c/7105524/2049275/25619?trafcat=lp,saas-calculator-home.png,"#MVP #SaaS #StartupCosts #NoCode #Base44 #BuildFaster"
Facebook,Freelancer Savings Campaign,Conversion,"Freelancers: your monthly SaaS subscriptions are eating your profits. Client portal: $200/month Project management: $50/month File storage: $30/month Email marketing: $50/month Total: $330/month = $3,960/year I built a complete client portal with Base44 — project tracking, file sharing, messaging — in an afternoon. Now I own it. No monthly fees. No feature limits.",Stop Paying $330/Month for Freelance Tools,Build your own client portal with Base44. No monthly fees.,Sign Up,https://base44.pxf.io/c/7105524/2049275/25619?trafcat=lp,client-portal-home.png,"#Freelancer #ClientPortal #NoCode #Base44 #SaveMoney #SideHustle"
Facebook,Social Proof Campaign,Conversion,"I built 5 production-ready apps in one week. Without writing code. Here's what I built: 1. 💡 Idea Validator — Score business ideas across 5 dimensions 2. 📊 SaaS MVP Calculator — Compare no-code vs. traditional costs 3. 📁 Client Portal — Project tracking, file sharing, messaging 4. 🦉 AI Tutor App — Socratic method learning 5. 🎨 Digital Creator Studio — Portfolio builder for creators All built with Base44. All live. All free to use. This is what no-code can do in 2026.",I Built 5 Apps in 1 Week (No Code Required),See what's possible with Base44. Build your own app today.,Try It Free,https://base44.pxf.io/c/7105524/2049275/25619?trafcat=lp,digital-creator-landing-viewport.jpg,"#NoCode #Base44 #BuildInPublic #SaaS #Entrepreneur #Startup #AppBuilder"
